{
  "3a211a87-cac9-4393-84ca-51e240e1b043___RS_HL 0210.JPG": {
    "features": {
      "vein_density": 0.1358930500540151,
      "skeleton_length_px": 6289.013418798096,
      "vein_to_area_ratio": 0.14154243380442239
    }
  }
}